maat;merk;profiel;afrolomtrek;buitendiameter;bron;controle
320/65 R16;Eurogrip;AR 600;2440;830;Eurogrip technische catalogus mei 2025 p.16;
320/65 R18;Eurogrip;AR 600;2580;873;Eurogrip technische catalogus mei 2025 p.16;
340/65 R18;Eurogrip;AR 600;2670;899;Eurogrip technische catalogus mei 2025 p.16;
420/65 R20;Eurogrip;AR 600;3190;1054;Eurogrip technische catalogus mei 2025 p.16;
440/65 R20;Eurogrip;AR 600;3245;1080;Eurogrip technische catalogus mei 2025 p.16;
420/65 R24;Eurogrip;AR 600;3415;1156;Eurogrip technische catalogus mei 2025 p.17;
440/65 R24;Eurogrip;AR 600;3529;1197;Eurogrip technische catalogus mei 2025 p.17;
480/65 R24;Eurogrip;AR 600;3645;1238;Eurogrip technische catalogus mei 2025 p.17;
540/65 R24;Eurogrip;AR 600;3737;1324;Eurogrip technische catalogus mei 2025 p.17;"plausibiliteit twijfel (0.907); meerdere afrolomtrekken voor deze maat; GECONTROLEERD p.17: catalogus noemt 3737 en 3937 bij dezelfde diameter 1324; 3737 is vrijwel zeker een drukfout, niet importeren"
540/65 R24;Eurogrip;AR 600;3937;1324;Eurogrip technische catalogus mei 2025 p.17;"meerdere afrolomtrekken voor deze maat; GECONTROLEERD p.17: deze waarde klopt met de diameter"
440/65 R28;Eurogrip;AR 600;3765;1283;Eurogrip technische catalogus mei 2025 p.17;
480/65 R28;Eurogrip;AR 600;4029;1355;Eurogrip technische catalogus mei 2025 p.17;
540/65 R28;Eurogrip;AR 600;4205;1427;Eurogrip technische catalogus mei 2025 p.18;
540/65 R30;Eurogrip;AR 600;4447;1474;Eurogrip technische catalogus mei 2025 p.18;
540/65 R34;Eurogrip;AR 600;4614;1571;Eurogrip technische catalogus mei 2025 p.18;
540/65 R38;Eurogrip;AR 600;5137;1672;Eurogrip technische catalogus mei 2025 p.18;
600/65 R38;Eurogrip;AR 600;5277;1763;Eurogrip technische catalogus mei 2025 p.18;
650/65 R38;Eurogrip;AR 600;5569;1834;Eurogrip technische catalogus mei 2025 p.18;
240/70 R16;Eurogrip;AR 700;2258;744;Eurogrip technische catalogus mei 2025 p.19;
260/70 R16;Eurogrip;AR 700;2317;772;Eurogrip technische catalogus mei 2025 p.19;
280/70 R16;Eurogrip;AR 700;2419;800;Eurogrip technische catalogus mei 2025 p.19;
280/70 R18;Eurogrip;AR 700;2580;849;Eurogrip technische catalogus mei 2025 p.19;
260/70 R20;Eurogrip;AR 700;2630;872;Eurogrip technische catalogus mei 2025 p.20;
280/70 R20;Eurogrip;AR 700;2720;900;Eurogrip technische catalogus mei 2025 p.20;
300/70 R20;Eurogrip;AR 700;2850;955;Eurogrip technische catalogus mei 2025 p.20;
320/70 R20;Eurogrip;AR 700;2931;982;Eurogrip technische catalogus mei 2025 p.20;
360/70 R20;Eurogrip;AR 700;3079;1046;Eurogrip technische catalogus mei 2025 p.20;
380/70 R20;Eurogrip;AR 700;3250;1086;Eurogrip technische catalogus mei 2025 p.20;
320/70 R24;Eurogrip;AR 700;3343;1097;Eurogrip technische catalogus mei 2025 p.20;
360/70 R24;Eurogrip;AR 700;3400;1152;Eurogrip technische catalogus mei 2025 p.21;
380/70 R24;Eurogrip;AR 700;3480;1200;Eurogrip technische catalogus mei 2025 p.21;
420/70 R24;Eurogrip;AR 700;3630;1250;Eurogrip technische catalogus mei 2025 p.21;
480/70 R24;Eurogrip;AR 700;3919;1316;Eurogrip technische catalogus mei 2025 p.21;
320/70 R28;Eurogrip;AR 700;3560;1192;Eurogrip technische catalogus mei 2025 p.21;
360/70 R28;Eurogrip;AR 700;3769;1251;Eurogrip technische catalogus mei 2025 p.21;
380/70 R28;Eurogrip;AR 700;3885;1295;Eurogrip technische catalogus mei 2025 p.21;
420/70 R28;Eurogrip;AR 700;3967;1349;Eurogrip technische catalogus mei 2025 p.21;
480/70 R28;Eurogrip;AR 700;4138;1405;Eurogrip technische catalogus mei 2025 p.22;
420/70 R30;Eurogrip;AR 700;4160;1398;Eurogrip technische catalogus mei 2025 p.22;
480/70 R30;Eurogrip;AR 700;4412;1480;Eurogrip technische catalogus mei 2025 p.22;
520/70 R30;Eurogrip;AR 700;4500;1536;Eurogrip technische catalogus mei 2025 p.22;
480/70 R34;Eurogrip;AR 700;4738;1580;Eurogrip technische catalogus mei 2025 p.22;
520/70 R34;Eurogrip;AR 700;4890;1640;Eurogrip technische catalogus mei 2025 p.23;
480/70 R38;Eurogrip;AR 700;5060;1681;Eurogrip technische catalogus mei 2025 p.23;
520/70 R38;Eurogrip;AR 700;5194;1750;Eurogrip technische catalogus mei 2025 p.23;
580/70 R38;Eurogrip;AR 700;5308;1810;Eurogrip technische catalogus mei 2025 p.23;
580/70 R42;Eurogrip;AR 700;5478;1879;Eurogrip technische catalogus mei 2025 p.23;
250/85 R20;Eurogrip;AR 800;2810;940;Eurogrip technische catalogus mei 2025 p.24;
280/85 R20;Eurogrip;AR 800;2904;984;Eurogrip technische catalogus mei 2025 p.24;
320/85 R20;Eurogrip;AR 800;3118;1055;Eurogrip technische catalogus mei 2025 p.24;
250/85 R24;Eurogrip;AR 800;3040;1035;Eurogrip technische catalogus mei 2025 p.24;
280/85 R24;Eurogrip;AR 800;3280;1090;Eurogrip technische catalogus mei 2025 p.25;
320/85 R24;Eurogrip;AR 800;3398;1154;Eurogrip technische catalogus mei 2025 p.25;
340/85 R24;Eurogrip;AR 800;3543;1188;Eurogrip technische catalogus mei 2025 p.25;
380/85 R24;Eurogrip;AR 800;3717;1260;Eurogrip technische catalogus mei 2025 p.25;
420/85 R24;Eurogrip;AR 800;3898;1328;Eurogrip technische catalogus mei 2025 p.25;
320/85 R28;Eurogrip;AR 800;3727;1260;Eurogrip technische catalogus mei 2025 p.25;
340/85 R28;Eurogrip;AR 800;3849;1293;Eurogrip technische catalogus mei 2025 p.25;
380/85 R28;Eurogrip;AR 800;4025;1360;Eurogrip technische catalogus mei 2025 p.25;
420/85 R28;Eurogrip;AR 800;4236;1429;Eurogrip technische catalogus mei 2025 p.25;
380/85 R30;Eurogrip;AR 800;4138;1408;Eurogrip technische catalogus mei 2025 p.26;
420/85 R30;Eurogrip;AR 800;4406;1488;Eurogrip technische catalogus mei 2025 p.26;
460/85 R30;Eurogrip;AR 800;4575;1545;Eurogrip technische catalogus mei 2025 p.26;
320/85 R34;Eurogrip;AR 800;4283;1408;Eurogrip technische catalogus mei 2025 p.26;
380/85 R34;Eurogrip;AR 800;4462;1510;Eurogrip technische catalogus mei 2025 p.26;
420/85 R34;Eurogrip;AR 800;4773;1580;Eurogrip technische catalogus mei 2025 p.26;
460/85 R34;Eurogrip;AR 800;4997;1651;Eurogrip technische catalogus mei 2025 p.26;
340/85 R36;Eurogrip;AR 800;4433;1492;Eurogrip technische catalogus mei 2025 p.26;
340/85 R38;Eurogrip;AR 800;4704;1546;Eurogrip technische catalogus mei 2025 p.27;
420/85 R38;Eurogrip;AR 800;4950;1680;Eurogrip technische catalogus mei 2025 p.27;
460/85 R38;Eurogrip;AR 800;5222;1752;Eurogrip technische catalogus mei 2025 p.27;
520/85 R38;Eurogrip;AR 800;5483;1850;Eurogrip technische catalogus mei 2025 p.27;
480/80 R42;Eurogrip;AR 800;5430;1835;Eurogrip technische catalogus mei 2025 p.27;
520/85 R42;Eurogrip;AR 800;5858;1957;Eurogrip technische catalogus mei 2025 p.28;
480/80 R46;Eurogrip;AR 800;5861;1960;Eurogrip technische catalogus mei 2025 p.28;
480/80 R50;Eurogrip;AR 800;6072;2050;Eurogrip technische catalogus mei 2025 p.28;
VF600/70 R28;Eurogrip;AR 4005;4567;1551;Eurogrip technische catalogus mei 2025 p.30;
VF540/65 R30;Eurogrip;AR 4005;4331;1464;Eurogrip technische catalogus mei 2025 p.30;
VF600/70 R30;Eurogrip;AR 4005;4700;1602;Eurogrip technische catalogus mei 2025 p.30;
VF710/70 R38;Eurogrip;AR 4005;5725;1959;Eurogrip technische catalogus mei 2025 p.31;
VF710/70 R42;Eurogrip;AR 4005;6115;2061;Eurogrip technische catalogus mei 2025 p.31;
230/95 R32;Eurogrip;RC 900;3795;1251;Eurogrip technische catalogus mei 2025 p.32;
270/95 R32;Eurogrip;RC 900;4028;1327;Eurogrip technische catalogus mei 2025 p.32;
320/85 R32;Eurogrip;RC 900;3983;1357;Eurogrip technische catalogus mei 2025 p.32;
230/95 R36;Eurogrip;RC 900;4098;1351;Eurogrip technische catalogus mei 2025 p.32;
270/95 R36;Eurogrip;RC 900;4318;1428;Eurogrip technische catalogus mei 2025 p.32;
320/85 R36;Eurogrip;RC 900;4303;1460;Eurogrip technische catalogus mei 2025 p.33;
270/95 R38;Eurogrip;RC 900;4496;1479;Eurogrip technische catalogus mei 2025 p.33;
380/85 R38;Eurogrip;RC 900;4814;1611;Eurogrip technische catalogus mei 2025 p.33;
270/95 R42;Eurogrip;RC 900;4807;1581;Eurogrip technische catalogus mei 2025 p.33;
230/95 R44;Eurogrip;RC 900;5080;1655;Eurogrip technische catalogus mei 2025 p.34;"plausibiliteit twijfel (1.04); GECONTROLEERD p.34: catalogus geeft exact dezelfde waarden als 230/95 R48 (OD 1655, theoretisch 1555); niet importeren"
270/95 R44;Eurogrip;RC 900;4905;1632;Eurogrip technische catalogus mei 2025 p.34;
300/95 R46;Eurogrip;RC 900;5300;1738;Eurogrip technische catalogus mei 2025 p.34;
320/90 R46;Eurogrip;RC 900;5322;1744;Eurogrip technische catalogus mei 2025 p.34;
340/85 R46;Eurogrip;RC 900;5283;1747;Eurogrip technische catalogus mei 2025 p.34;
380/90 R46;Eurogrip;RC 900;5504;1842;Eurogrip technische catalogus mei 2025 p.35;
230/95 R48;Eurogrip;RC 900;5080;1655;Eurogrip technische catalogus mei 2025 p.35;
270/95 R48;Eurogrip;RC 900;5271;1733;Eurogrip technische catalogus mei 2025 p.35;
340/85 R48;Eurogrip;RC 900;5435;1797;Eurogrip technische catalogus mei 2025 p.35;
320/90 R50;Eurogrip;RC 900;5682;1860;Eurogrip technische catalogus mei 2025 p.35;
380/90 R50;Eurogrip;RC 900;5912;1945;Eurogrip technische catalogus mei 2025 p.36;
300/95 R52;Eurogrip;RC 900;5718;1890;Eurogrip technische catalogus mei 2025 p.36;
270/95 R54;Eurogrip;RC 900;5802;1886;Eurogrip technische catalogus mei 2025 p.36;
320/90 R54;Eurogrip;RC 900;5924;1950;Eurogrip technische catalogus mei 2025 p.36;
380/90 R54;Eurogrip;RC 900;6260;2055;Eurogrip technische catalogus mei 2025 p.36;
620/75 R26;Eurogrip;HS 1000;4744;1595;Eurogrip technische catalogus mei 2025 p.37;
750/65 R26;Eurogrip;HS 1000;4792;1625;Eurogrip technische catalogus mei 2025 p.37;
650/75 R32;Eurogrip;HS 1000;5293;1800;Eurogrip technische catalogus mei 2025 p.37;
VF800/65 R32;Eurogrip;HS 3000;5490;1850;Eurogrip technische catalogus mei 2025 p.38;
VF800/70 R38;Eurogrip;HS 3000;6157;2085;Eurogrip technische catalogus mei 2025 p.38;
VF900/60 R32;Eurogrip;HS 3000;5570;1893;Eurogrip technische catalogus mei 2025 p.38;
500/60 R22.5;Eurogrip;FL 900;3570;1180;Eurogrip technische catalogus mei 2025 p.39;
560/45 R22.5;Eurogrip;FL 900;3258;1076;Eurogrip technische catalogus mei 2025 p.39;
560/60 R22.5;Eurogrip;FL 900;3735;1236;Eurogrip technische catalogus mei 2025 p.39;
600/50 R22.5;Eurogrip;FL 900;3495;1160;Eurogrip technische catalogus mei 2025 p.40;
710/40 R22.5;Eurogrip;FL 900;3444;1140;Eurogrip technische catalogus mei 2025 p.40;
600/55 R26.5;Eurogrip;FL 900;4050;1333;Eurogrip technische catalogus mei 2025 p.40;
650/55 R26.5;Eurogrip;FL 900;4154;1390;Eurogrip technische catalogus mei 2025 p.40;
710/50 R26.5;Eurogrip;FL 900;4200;1383;Eurogrip technische catalogus mei 2025 p.40;
425/55 R17;Eurogrip;FL 909;2727;900;Eurogrip technische catalogus mei 2025 p.41;
500/50 R17;Eurogrip;FL 909;2907;945;Eurogrip technische catalogus mei 2025 p.41;
VF500/50 R17;Eurogrip;FL 909;2874;945;Eurogrip technische catalogus mei 2025 p.41;
560/45 R22.5;Eurogrip;FL 909;3270;1076;Eurogrip technische catalogus mei 2025 p.42;
560/60 R22.5;Eurogrip;FL 909;3742;1244;Eurogrip technische catalogus mei 2025 p.42;
600/50 R22.5;Eurogrip;FL 909;3442;1172;Eurogrip technische catalogus mei 2025 p.43;
600/55 R22.5;Eurogrip;FL 909;3820;1232;Eurogrip technische catalogus mei 2025 p.43;
650/50 R22.5;Eurogrip;FL 909;3738;1240;Eurogrip technische catalogus mei 2025 p.43;
710/45 R22.5;Eurogrip;FL 909;3651;1212;Eurogrip technische catalogus mei 2025 p.44;
600/55 R26.5;Eurogrip;FL 909;4069;1345;Eurogrip technische catalogus mei 2025 p.44;
650/55 R26.5;Eurogrip;FL 909;4154;1390;Eurogrip technische catalogus mei 2025 p.44;
710/50 R26.5;Eurogrip;FL 909;4194;1400;Eurogrip technische catalogus mei 2025 p.45;
750/45 R26.5;Eurogrip;FL 909;4121;1360;Eurogrip technische catalogus mei 2025 p.45;
710/50 R30.5;Eurogrip;FL 909;4512;1495;Eurogrip technische catalogus mei 2025 p.45;
750/60 R30.5;Eurogrip;FL 909;5048;1680;Eurogrip technische catalogus mei 2025 p.45;
340/80 R18;Eurogrip;TLB 504;2997;1001;Eurogrip technische catalogus mei 2025 p.49;
440/80 R24;Eurogrip;TLB 504;3970;1314;Eurogrip technische catalogus mei 2025 p.49;
460/70 R24;Eurogrip;TLB 504;3765;1254;Eurogrip technische catalogus mei 2025 p.49;
425/55 R17;Eurogrip;TLB 522;2705;900;Eurogrip technische catalogus mei 2025 p.50;
12.4-28;Eurogrip;TR 09;3763;1265;Eurogrip technische catalogus mei 2025 p.52;
16.9-28;Eurogrip;TR 09;4220;1425;Eurogrip technische catalogus mei 2025 p.52;
6-14;Eurogrip;TR 45;1951;657;Eurogrip technische catalogus mei 2025 p.53;
7-14;Eurogrip;TR 45;2124;693;Eurogrip technische catalogus mei 2025 p.53;
7-16;Eurogrip;TR 45;2110;738;Eurogrip technische catalogus mei 2025 p.53;
8-16;Eurogrip;TR 45;2272;783;Eurogrip technische catalogus mei 2025 p.53;
9.5-16;Eurogrip;TR 45;2511;846;Eurogrip technische catalogus mei 2025 p.53;
9.5-20;Eurogrip;TR 45;2870;960;Eurogrip technische catalogus mei 2025 p.53;
11.2-20;Eurogrip;TR 45;3040;1017;Eurogrip technische catalogus mei 2025 p.53;
9.5-22;Eurogrip;TR 45;2950;995;Eurogrip technische catalogus mei 2025 p.53;
8.3-24;Eurogrip;TR 45;2965;995;Eurogrip technische catalogus mei 2025 p.53;
11.2-24;Eurogrip;TR 45;3280;1115;Eurogrip technische catalogus mei 2025 p.53;
12.4-24;Eurogrip;TR 45;3465;1170;Eurogrip technische catalogus mei 2025 p.53;
13.6-24;Eurogrip;TR 45;3610;1210;Eurogrip technische catalogus mei 2025 p.53;
14.9-24;Eurogrip;TR 45;3740;1275;Eurogrip technische catalogus mei 2025 p.54;
16.9-24;Eurogrip;TR 45;3910;1330;Eurogrip technische catalogus mei 2025 p.54;
11.2-28;Eurogrip;TR 45;3580;1210;Eurogrip technische catalogus mei 2025 p.54;
12.4-28;Eurogrip;TR 45;3770;1275;Eurogrip technische catalogus mei 2025 p.54;
13.6-28;Eurogrip;TR 45;3930;1325;Eurogrip technische catalogus mei 2025 p.54;
14.9-28;Eurogrip;TR 45;4025;1370;Eurogrip technische catalogus mei 2025 p.54;
16.9-30;Eurogrip;TR 45;4475;1505;Eurogrip technische catalogus mei 2025 p.54;
18.4-30;Eurogrip;TR 45;4605;1550;Eurogrip technische catalogus mei 2025 p.54;
9.5-32;Eurogrip;TR 45;3740;1255;Eurogrip technische catalogus mei 2025 p.54;
18.4-34;Eurogrip;TR 45;4825;1645;Eurogrip technische catalogus mei 2025 p.54;
9.5-36;Eurogrip;TR 45;4110;1365;Eurogrip technische catalogus mei 2025 p.55;
12.4-36;Eurogrip;TR 45;4415;1475;Eurogrip technische catalogus mei 2025 p.55;
13.6-36;Eurogrip;TR 45;4515;1520;Eurogrip technische catalogus mei 2025 p.55;
13.6-38;Eurogrip;TR 45;4640;1570;Eurogrip technische catalogus mei 2025 p.55;"GECONTROLEERD p.55: catalogus geeft 13.6-38, 14.00-38 en 15.5-38 dezelfde omtrek 4640; bij twijfel navragen"
14.00-38;Eurogrip;TR 45;4640;1570;Eurogrip technische catalogus mei 2025 p.55;"GECONTROLEERD p.55: catalogus geeft 13.6-38, 14.00-38 en 15.5-38 dezelfde omtrek 4640; bij twijfel navragen"
15.5-38;Eurogrip;TR 45;4640;1570;Eurogrip technische catalogus mei 2025 p.55;"GECONTROLEERD p.55: catalogus geeft 13.6-38, 14.00-38 en 15.5-38 dezelfde omtrek 4640; bij twijfel navragen"
18.4-38;Eurogrip;TR 45;5060;1745;Eurogrip technische catalogus mei 2025 p.55;
20.8-38;Eurogrip;TR 45;5430;1850;Eurogrip technische catalogus mei 2025 p.55;
9.5-42;Eurogrip;TR 45;4600;1518;Eurogrip technische catalogus mei 2025 p.55;
23.1-26;Eurogrip;TR 72;4969;1656;Eurogrip technische catalogus mei 2025 p.56;
18.4-30;Eurogrip;TR 72;4705;1620;Eurogrip technische catalogus mei 2025 p.56;
8-18;Eurogrip;TR 18;2535;845;Eurogrip technische catalogus mei 2025 p.57;
8.3-20;Eurogrip;TR 18;2630;890;Eurogrip technische catalogus mei 2025 p.57;
9.5-24;Eurogrip;TR 27;3131;1060;Eurogrip technische catalogus mei 2025 p.58;
9.5-28;Eurogrip;TR 27;3406;1153;Eurogrip technische catalogus mei 2025 p.58;
23.1-26;Eurogrip;TR 36;4648;1606;Eurogrip technische catalogus mei 2025 p.59;
16.9-28;Eurogrip;TR 54;4250;1435;Eurogrip technische catalogus mei 2025 p.60;
11.2-38;Eurogrip;IR 90;4307;1458;Eurogrip technische catalogus mei 2025 p.61;
11.2-38;Eurogrip;IR 23;4307;1458;Eurogrip technische catalogus mei 2025 p.62;
4.00-12;Eurogrip;F-2 3 RIB / TF 36;1621;540;Eurogrip technische catalogus mei 2025 p.64;
5.00-15;Eurogrip;F-2 3 RIB / TF 36;1988;657;Eurogrip technische catalogus mei 2025 p.64;
5.50-16;Eurogrip;F-2 3 RIB / TF 36;2138;711;Eurogrip technische catalogus mei 2025 p.64;
6.00-16;Eurogrip;F-2 3 RIB / TF 36;2190;738;Eurogrip technische catalogus mei 2025 p.64;
6.50-16;Eurogrip;F-2 3 RIB / TF 36;2265;770;Eurogrip technische catalogus mei 2025 p.64;
7.50-16;Eurogrip;F-2 3 RIB / TF 36;2431;810;Eurogrip technische catalogus mei 2025 p.64;
10.00-16;Eurogrip;F-2 3 RIB / TF 36;2682;898;Eurogrip technische catalogus mei 2025 p.64;
11.00-16;Eurogrip;F-2 3 RIB / TF 36;2875;1000;Eurogrip technische catalogus mei 2025 p.64;
7.50-18;Eurogrip;F-2 3 RIB / TF 36;2605;855;Eurogrip technische catalogus mei 2025 p.64;
10.00-16;Eurogrip;F-2 4 RIB / TF 45;2682;898;Eurogrip technische catalogus mei 2025 p.65;
11.00-16;Eurogrip;F-2 4 RIB / TF 45;2875;970;Eurogrip technische catalogus mei 2025 p.65;
6.00-16;Eurogrip;TF 01;2205;735;Eurogrip technische catalogus mei 2025 p.66;
6.00-16;Eurogrip;TF 27;2195;740;Eurogrip technische catalogus mei 2025 p.67;
6.50-16;Eurogrip;TF 27;2260;765;Eurogrip technische catalogus mei 2025 p.67;
7.50-16;Eurogrip;TF 27;2315;810;Eurogrip technische catalogus mei 2025 p.67;
7.50-20;Eurogrip;TF 27;2695;915;Eurogrip technische catalogus mei 2025 p.67;
7.50-16;Eurogrip;TF 09;2415;805;Eurogrip technische catalogus mei 2025 p.68;
5.25-14;Eurogrip;TF 18;1839;616;Eurogrip technische catalogus mei 2025 p.69;
10.0/75-15.3;Eurogrip;FL 18;2325;800;Eurogrip technische catalogus mei 2025 p.71;
11.5/80-15.3;Eurogrip;FL 18;2529;870;Eurogrip technische catalogus mei 2025 p.71;
380/55-17;Eurogrip;FL 18;2534;872;Eurogrip technische catalogus mei 2025 p.71;
520/50-17;Eurogrip;FL 18;2903;961;Eurogrip technische catalogus mei 2025 p.71;
425/70-18;Eurogrip;FL 18;3185;1050;Eurogrip technische catalogus mei 2025 p.71;
480/45-17;Eurogrip;FL 09;2514;866;Eurogrip technische catalogus mei 2025 p.72;
500/50-17;Eurogrip;FL 09;2659;915;Eurogrip technische catalogus mei 2025 p.72;plausibiliteit twijfel (0.908)
500/55-17;Eurogrip;FL 09;2911;998;Eurogrip technische catalogus mei 2025 p.72;
385/65-22.5;Eurogrip;FL 09;3017;1042;Eurogrip technische catalogus mei 2025 p.72;plausibiliteit twijfel (0.896)
400/55-22.5;Eurogrip;FL 09;2993;1044;Eurogrip technische catalogus mei 2025 p.72;
400/60-22.5;Eurogrip;FL 09;3017;1045;Eurogrip technische catalogus mei 2025 p.72;
500/45-22.5;Eurogrip;FL 09;3022;1015;Eurogrip technische catalogus mei 2025 p.72;
500/60-22.5;Eurogrip;FL 09;3467;1210;Eurogrip technische catalogus mei 2025 p.72;
550/45-22.5;Eurogrip;FL 09;3121;1055;Eurogrip technische catalogus mei 2025 p.72;
550/60-22.5;Eurogrip;FL 09;3569;1245;Eurogrip technische catalogus mei 2025 p.72;
600/50-22.5;Eurogrip;FL 09;3389;1170;Eurogrip technische catalogus mei 2025 p.72;
600/55-22.5;Eurogrip;FL 09;3755;1245;Eurogrip technische catalogus mei 2025 p.72;
700/40-22.5;Eurogrip;FL 09;3308;1158;Eurogrip technische catalogus mei 2025 p.72;
700/50-22.5;Eurogrip;FL 09;3815;1270;Eurogrip technische catalogus mei 2025 p.72;
600/55-26.5;Eurogrip;FL 09;4015;1335;Eurogrip technische catalogus mei 2025 p.72;
700/50-26.5;Eurogrip;FL 09;4080;1373;Eurogrip technische catalogus mei 2025 p.72;
800/45-26.5;Eurogrip;FL 09;4060;1380;Eurogrip technische catalogus mei 2025 p.72;
650/65-30.5;Eurogrip;FL 09;4750;1630;Eurogrip technische catalogus mei 2025 p.72;
500/60-22.5;Eurogrip;FL 09 HFL;3467;1210;Eurogrip technische catalogus mei 2025 p.73;
550/60-22.5;Eurogrip;FL 09 HFL;3569;1245;Eurogrip technische catalogus mei 2025 p.73;
500/45-20;Eurogrip;TC 09;2924;945;Eurogrip technische catalogus mei 2025 p.74;
500/60-22.5;Eurogrip;TC 09S;3438;1175;Eurogrip technische catalogus mei 2025 p.74;
550/55-22.5;Eurogrip;TC 09;3438;1195;Eurogrip technische catalogus mei 2025 p.74;
600/40-22.5;Eurogrip;TC 09;3197;1120;Eurogrip technische catalogus mei 2025 p.74;
400/60-15.5;Eurogrip;IM 72;2608;865;Eurogrip technische catalogus mei 2025 p.75;
500/50-17;Eurogrip;IM 72;2765;925;Eurogrip technische catalogus mei 2025 p.75;
225/75-17.5;Eurogrip;IM 90;2355;790;Eurogrip technische catalogus mei 2025 p.78;
430/40-17;Eurogrip;IM 171;2445;795;Eurogrip technische catalogus mei 2025 p.79;
305/60-14;Eurogrip;IM 198;2120;730;Eurogrip technische catalogus mei 2025 p.80;
320/60-12;Eurogrip;IM 162;2040;676;Eurogrip technische catalogus mei 2025 p.81;
280/60-15.5;Eurogrip;IM 162;2240;745;Eurogrip technische catalogus mei 2025 p.81;
5.0-10;Eurogrip;IM 54;1514;510;Eurogrip technische catalogus mei 2025 p.83;
6.5/80-12;Eurogrip;IM 54;1783;585;Eurogrip technische catalogus mei 2025 p.83;
185/65-15;Eurogrip;IM 54;1895;640;Eurogrip technische catalogus mei 2025 p.83;
7.50-16;Eurogrip;IM 54T;2381;775;Eurogrip technische catalogus mei 2025 p.83;
8.25-16;Eurogrip;IM 54;2451;825;Eurogrip technische catalogus mei 2025 p.83;
15.5/80-24;Eurogrip;IM 54;3649;1255;Eurogrip technische catalogus mei 2025 p.83;
6.5/80-15;Eurogrip;IM 99;2010;655;Eurogrip technische catalogus mei 2025 p.84;
4.00-10;Eurogrip;IM 45;1391;470;Eurogrip technische catalogus mei 2025 p.85;
4.00-12;Eurogrip;IM 45;1551;530;Eurogrip technische catalogus mei 2025 p.85;
5.00-12;Eurogrip;IM 45;1705;590;Eurogrip technische catalogus mei 2025 p.85;
7.00-12;Eurogrip;IM 45;2038;700;Eurogrip technische catalogus mei 2025 p.85;
11.0/65-12;Eurogrip;IM 45;2097;700;Eurogrip technische catalogus mei 2025 p.85;
5.00-15;Eurogrip;IM 45;1937;655;Eurogrip technische catalogus mei 2025 p.85;
8.0/75-15;Eurogrip;IM 45;2112;700;Eurogrip technische catalogus mei 2025 p.85;
11.5/80-15.3;Eurogrip;IM 45;2559;875;Eurogrip technische catalogus mei 2025 p.85;
6.00-16;Eurogrip;IM 45;2189;740;Eurogrip technische catalogus mei 2025 p.85;
15.0/55-17;Eurogrip;IM 45;2658;895;Eurogrip technische catalogus mei 2025 p.85;
420/55-17;Eurogrip;IM 45;2668;891;Eurogrip technische catalogus mei 2025 p.85;
7.50-18;Eurogrip;IM 45;2540;860;Eurogrip technische catalogus mei 2025 p.85;
10.5/80-18;Eurogrip;IM 45;2625;890;Eurogrip technische catalogus mei 2025 p.85;
12.5/80-18;Eurogrip;IM 45;2892;987;Eurogrip technische catalogus mei 2025 p.85;
4.50-19;Eurogrip;IM 45;2171;727;Eurogrip technische catalogus mei 2025 p.85;
7.50-20;Eurogrip;IM 45;2707;910;Eurogrip technische catalogus mei 2025 p.85;
10-16.5;Eurogrip;ST 45 PLUS (IMP);2271;770;Eurogrip technische catalogus mei 2025 p.87;plausibiliteit twijfel (0.837)
12-16.5;Eurogrip;ST 45 PLUS (IMP);2478;840;Eurogrip technische catalogus mei 2025 p.87;plausibiliteit twijfel (0.828)
6.50-16;Eurogrip;IM 108;2230;742;Eurogrip technische catalogus mei 2025 p.89;
10.0/75-15.3;Eurogrip;TS 09S;2339;785;Eurogrip technische catalogus mei 2025 p.90;
5.90-15;Eurogrip;I 09;1957;668;Eurogrip technische catalogus mei 2025 p.92;
6.70-15;Eurogrip;I 09;2045;696;Eurogrip technische catalogus mei 2025 p.92;
7.60-15;Eurogrip;I 09;2235;735;Eurogrip technische catalogus mei 2025 p.92;
7.50-24;Eurogrip;I 09;2930;1000;Eurogrip technische catalogus mei 2025 p.92;
9.00-24;Eurogrip;I 09;3194;1090;Eurogrip technische catalogus mei 2025 p.92;
380/55-17;Eurogrip;FF 09;2482;833;Eurogrip technische catalogus mei 2025 p.94;
480/45-17;Eurogrip;FF 09;2624;861;Eurogrip technische catalogus mei 2025 p.94;
500/50-17;Eurogrip;FF 09;2720;950;Eurogrip technische catalogus mei 2025 p.94;
10.0/80-12;Eurogrip;IM 117;2081;714;Eurogrip technische catalogus mei 2025 p.95;
10.0/75-15.3;Eurogrip;IM 117;2198;758;Eurogrip technische catalogus mei 2025 p.95;plausibiliteit twijfel (0.909)
11.5/80-15.3;Eurogrip;IM 117;2476;835;Eurogrip technische catalogus mei 2025 p.95;
10.0/80-12;Eurogrip;IM 18;2081;714;Eurogrip technische catalogus mei 2025 p.96;
7.00-12;Eurogrip;IM 18;1969;660;Eurogrip technische catalogus mei 2025 p.96;
10.0/75-15.3;Eurogrip;IM 18;2198;758;Eurogrip technische catalogus mei 2025 p.96;plausibiliteit twijfel (0.909)
11.5/80-15.3;Eurogrip;IM 18;2476;845;Eurogrip technische catalogus mei 2025 p.96;
6.00-16;Eurogrip;IM 18;2138;715;Eurogrip technische catalogus mei 2025 p.96;
10.5/65-16;Eurogrip;IM 18;2285;775;Eurogrip technische catalogus mei 2025 p.96;
10.5/80-18;Eurogrip;IM 18;2665;890;Eurogrip technische catalogus mei 2025 p.96;
12.5/80-18;Eurogrip;IM 18;2910;980;Eurogrip technische catalogus mei 2025 p.96;
400/60-15.5;Eurogrip;IM 36;2564;855;Eurogrip technische catalogus mei 2025 p.97;
13.0/55-16;Eurogrip;IM 36;2271;775;Eurogrip technische catalogus mei 2025 p.97;
15.0/55-17;Eurogrip;IM 36;2461;850;Eurogrip technische catalogus mei 2025 p.97;
19.0/45-17;Eurogrip;IM 36;2600;855;Eurogrip technische catalogus mei 2025 p.97;
500/50-17;Eurogrip;IM 36;2808;931;Eurogrip technische catalogus mei 2025 p.97;
13.0/65-18;Eurogrip;IM 36;2652;905;Eurogrip technische catalogus mei 2025 p.97;
15.0/70-18;Eurogrip;IM 36;2886;980;Eurogrip technische catalogus mei 2025 p.97;
16.0/70-20;Eurogrip;IM 36;3155;1080;Eurogrip technische catalogus mei 2025 p.97;
400/60-15.5;Eurogrip;IM 126;2608;858;Eurogrip technische catalogus mei 2025 p.98;
15.0/55-17;Eurogrip;IM 126;2461;840;Eurogrip technische catalogus mei 2025 p.98;
500/50-17;Eurogrip;IM 126;2750;950;Eurogrip technische catalogus mei 2025 p.98;
520/50-17;Eurogrip;IM 135;2700;932;Eurogrip technische catalogus mei 2025 p.99;plausibiliteit twijfel (0.903)
340/55-16;Eurogrip;IM 153;2260;780;Eurogrip technische catalogus mei 2025 p.100;
360/65-16;Eurogrip;IM 153;2520;870;Eurogrip technische catalogus mei 2025 p.100;
12.5/80-15.3;Eurogrip;IM 27;2593;878;Eurogrip technische catalogus mei 2025 p.101;
10.0/75-15.3;Eurogrip;MT 63;2339;790;Eurogrip technische catalogus mei 2025 p.102;
11.5/80-15.3;Eurogrip;MT 63;2599;872;Eurogrip technische catalogus mei 2025 p.102;
12.0/75-18;Eurogrip;MT 63;2779;920;Eurogrip technische catalogus mei 2025 p.102;
10.5/80-18;Eurogrip;MT 45;2666;911;Eurogrip technische catalogus mei 2025 p.103;
12.5/80-18;Eurogrip;MT 45;2901;985;Eurogrip technische catalogus mei 2025 p.103;
215/75-17.5;Eurogrip;IM 81;2355;790;Eurogrip technische catalogus mei 2025 p.106;
235/75-17.5;Eurogrip;IM 81;2429;815;Eurogrip technische catalogus mei 2025 p.106;
285/70-19.5;Eurogrip;IM 81;2697;905;Eurogrip technische catalogus mei 2025 p.106;
425/55-19.5;Eurogrip;IM 81;2921;980;Eurogrip technische catalogus mei 2025 p.106;
